{
  "tokenization_disruption": {
    "gpt2": {
      "homoglyph": {
        "avg_jaccard": 0.9232729606994313,
        "avg_token_increase": 14.25
      },
      "zero_width": {
        "avg_jaccard": 0.9384939134939135,
        "avg_token_increase": 32.5
      },
      "rtl": {
        "avg_jaccard": 0.3327380952380953,
        "avg_token_increase": 4.0
      },
      "bpe": {
        "avg_jaccard": 0.4660984848484848,
        "avg_token_increase": 3.125
      },
      "base64": {
        "avg_jaccard": 0.991468023255814,
        "avg_token_increase": 36.875
      },
      "rot13": {
        "avg_jaccard": 0.9878465179175119,
        "avg_token_increase": 17.875
      },
      "hex": {
        "avg_jaccard": 1.0,
        "avg_token_increase": 30.25
      },
      "stego": {
        "avg_jaccard": 0.5840451215451214,
        "avg_token_increase": 2.25
      },
      "diacritics": {
        "avg_jaccard": 0.9416621956797073,
        "avg_token_increase": 74.75
      },
      "mixed": {
        "avg_jaccard": 0.8397029854605318,
        "avg_token_increase": 8.625
      },
      "combined": {
        "avg_jaccard": 0.9430140298155004,
        "avg_token_increase": 20.5
      }
    },
    "distilbert": {
      "homoglyph": {
        "avg_jaccard": 0.8073019425161369,
        "avg_token_increase": 10.0
      },
      "zero_width": {
        "avg_jaccard": 0.0,
        "avg_token_increase": 0.0
      },
      "rtl": {
        "avg_jaccard": 0.0,
        "avg_token_increase": 0.0
      },
      "bpe": {
        "avg_jaccard": 0.0,
        "avg_token_increase": 0.0
      },
      "base64": {
        "avg_jaccard": 0.9406305600581347,
        "avg_token_increase": 33.375
      },
      "rot13": {
        "avg_jaccard": 0.9155168615848887,
        "avg_token_increase": 15.25
      },
      "hex": {
        "avg_jaccard": 0.9414086899550956,
        "avg_token_increase": 41.5
      },
      "stego": {
        "avg_jaccard": 0.30482954545454544,
        "avg_token_increase": 0.375
      },
      "diacritics": {
        "avg_jaccard": 0.0,
        "avg_token_increase": 0.0
      },
      "mixed": {
        "avg_jaccard": 0.7076245300751881,
        "avg_token_increase": 6.375
      },
      "combined": {
        "avg_jaccard": 0.7998614663256607,
        "avg_token_increase": 9.125
      }
    }
  },
  "detection_eval": {
    "precision": 0.8529411764705882,
    "recall": 0.9666666666666667,
    "f1": 0.90625,
    "accuracy": 0.8285714285714286,
    "tp": 58,
    "fp": 10,
    "tn": 0,
    "fn": 2,
    "total": 70
  },
  "combined_vs_single": {
    "homoglyph_only": {
      "avg_token_increase": 13.4,
      "avg_total": 17.4
    },
    "zero_width_only": {
      "avg_token_increase": 26.4,
      "avg_total": 30.4
    },
    "bpe_only": {
      "avg_token_increase": 3.4,
      "avg_total": 7.4
    },
    "diacritics_only": {
      "avg_token_increase": 73.0,
      "avg_total": 77.0
    },
    "combined_3layer": {
      "avg_token_increase": 19.6,
      "avg_total": 23.6
    }
  },
  "tokenizer_robustness": {
    "GPT-2 (50K BPE)": {
      "avg_increase": 19.6
    },
    "DistilBERT (30K WordPiece)": {
      "avg_increase": 10.0
    },
    "BERT (30K WordPiece)": {
      "avg_increase": 10.0
    }
  }
}